{
    "loss": 15.507111549377441,
    "accuracy": 0.5179855823516846
}